{
    "username": "cgi21",
    "code": "CP123",
    "title": "Solving PDEs with AI libraries",
    "s1": {
        "name": "Christopher Pain",
        "email": "c.pain@imperial.ac.uk",
        "affiliation": "Imperial College London"
    },
    "s2": {
        "name": "Claire Heaney",
        "email": "c.heaney@imperial.ac.uk",
        "affiliation": "Imperial College London"
    },
    "s3": {
        "name": "Boyang Chen",
        "email": "boyang.chen16@imperial.ac.uk",
        "affiliation": "Imperial College London"
    }
}
